source,n_rows,pct_label_0,majority_baseline_acc
merged_total,1665053,89.4927068387613,0.8949270683876129
sqliv3,26184,63.92835319278949,
better,1638869,89.90114524101682,
