Model,Accuracy,Balanced_Accuracy,Precision,Recall,F1-Score,MCC,ROC-AUC,PR-AUC
LR full train,0.902346,0.919957,0.794696,0.983069,0.878903,0.811310,0.974934,0.949948
LR OOD (better train),0.734503,0.785153,0.578897,0.966667,0.724138,0.559404,0.883949,0.712381
