Metric,Mean,Std,Min,Max
F1-Score,0.968503,0.001417,0.966580,0.970719
ROC-AUC,0.993554,0.000146,0.993320,0.993708
PR-AUC,0.981594,0.000667,0.980522,0.982587
