Model,Accuracy,Balanced_Accuracy,Precision,Recall,F1-Score,MCC,ROC-AUC,PR-AUC
Majority (always 0),0.894928,0.500000,0.000000,0.000000,0.000000,0.000000,,
XGBoost,0.992397,0.980378,0.962576,0.965161,0.963867,0.959619,0.993804,0.983018
Random Forest,0.987604,0.974963,0.925730,0.958960,0.942052,0.935296,0.993057,0.980486
SGD (Linear SVM),0.991610,0.973746,0.968455,0.951129,0.959714,0.955080,0.991892,0.974540
Logistic Regression,0.993183,0.979380,0.972914,0.961903,0.967378,0.963591,0.993616,0.981238
