{
  "XGBoost": {
    "Accuracy": 0.9923966475581888,
    "Precision": 0.9625755330064987,
    "Recall": 0.9651614747070592,
    "F1-Score": 0.9638667694151897,
    "ROC-AUC": 0.9938038558825759,
    "PR-AUC": 0.9830178579555046
  },
  "Random Forest": {
    "Accuracy": 0.9876040130806489,
    "Precision": 0.9257297356949732,
    "Recall": 0.9589597027722206,
    "F1-Score": 0.9420517715761694,
    "ROC-AUC": 0.9930573495485886,
    "PR-AUC": 0.9804861282326988
  },
  "SGD (Linear SVM)": {
    "Accuracy": 0.9916098867604974,
    "Precision": 0.968455360260738,
    "Recall": 0.9511288939697057,
    "F1-Score": 0.959713931424287,
    "ROC-AUC": 0.9918915409210538,
    "PR-AUC": 0.9745397127180468
  },
  "Logistic Regression": {
    "Accuracy": 0.9931834083558801,
    "Precision": 0.9729143782158756,
    "Recall": 0.9619034009717062,
    "F1-Score": 0.967377558059324,
    "ROC-AUC": 0.9936157761339149,
    "PR-AUC": 0.9812381502626925
  },
  "Ensemble": {
    "Accuracy": 0.9931713967406482,
    "Precision": 0.9707338129496403,
    "Recall": 0.9640754501286082,
    "F1-Score": 0.9673931746486951,
    "ROC-AUC": 0.9938397166702075,
    "PR-AUC": 0.9836979919777509
  }
}