Model,Accuracy,Precision,Recall,F1-Score,ROC-AUC,PR-AUC
XGBoost,0.992397,0.962576,0.965161,0.963867,0.993804,0.983018
Random Forest,0.987604,0.925730,0.958960,0.942052,0.993057,0.980486
SGD (Linear SVM),0.991610,0.968455,0.951129,0.959714,0.991892,0.974540
Logistic Regression,0.993183,0.972914,0.961903,0.967378,0.993616,0.981238
Ensemble,0.993171,0.970734,0.964075,0.967393,0.993840,0.983698
