Model,Accuracy,Precision,Recall,F1-Score
XGBoost,0.996733,0.996698,0.979673,0.988112
Random Forest,0.977878,0.999982,0.840381,0.913261
SGD (Linear SVM),0.972712,0.994890,0.807227,0.891287
Logistic Regression,0.995802,0.997911,0.971738,0.984650
Ensemble,0.994665,0.999242,0.962234,0.980389
