Model,Accuracy,Precision,Recall,F1-Score
XGBoost,0.992397,0.962576,0.965161,0.963867
Random Forest,0.987604,0.925730,0.958960,0.942052
SGD (Linear SVM),0.991610,0.968455,0.951129,0.959714
Logistic Regression,0.993183,0.972914,0.961903,0.967378
Ensemble,0.993171,0.970734,0.964075,0.967393
